,dataset,eventId,template,content
0,HDFS,E4,BLOCK* ask <*>:<*> to delete  blk_<*>,"['BLOCK*', 'ask', '10.250.17.177:50010', 'to', 'delete', 'blk_-8570780307468499817', 'blk_-9122557405432088649', 'blk_-4393063808227796056', 'blk_8767569714374844347', 'blk_7079754042611867581', 'blk_7608961006114219538', 'blk_-5017273584996436939', 'blk_-6537833125980536955', 'blk_7610838808763810123', 'blk_3300803097775546532', 'blk_-5120750586032922592', 'blk_1577274266662884430', 'blk_765879159867598347', 'blk_-9076085976403711202', 'blk_-3198963348573340497', 'blk_-4645750029177277209', 'blk_-5136142986912961316', 'blk_5677959846373741243', 'blk_2107477892986152528', 'blk_-4235116161537008844', 'blk_6082535783543982566', 'blk_-4809870147222033236', 'blk_8818706925296961012', 'blk_-5203577173046267127', 'blk_189089569009261656', 'blk_446299976487589160', 'blk_-3916247521166632303', 'blk_-3324962406687427922', 'blk_-1807424528783081572', 'blk_-6858401049333055963', 'blk_6036564204960295926', 'blk_-8140723044408248078', 'blk_-3800132731140204959', 'blk_1716344083117307767', 'blk_-5194808114606613364', 'blk_-5473871016976323232', 'blk_2920934363167004552', 'blk_8736689095894369097', 'blk_-7642734632751940776', 'blk_3408482260833769309', 'blk_118013751374560901', 'blk_7963891081239759520', 'blk_3813114133944383323', 'blk_3042818489384932576', 'blk_-4570173726231458270', 'blk_-1564644006975920581', 'blk_338095650783321996', 'blk_3150135312641203550', 'blk_4285859645577726288', 'blk_3438772130782939627', 'blk_2634772258588877972', 'blk_-6795664812575964130', 'blk_3923069610304693233', 'blk_-1782996202120067721', 'blk_2004418049430157212', 'blk_1932147224007687756', 'blk_-582901062969027153', 'blk_5072240701440032119', 'blk_-7919006477393039068', 'blk_-7318022361288598312', 'blk_-6974693594143537436', 'blk_-5435767047126325206', 'blk_-5805500288959332434', 'blk_-7109885589081848850', 'blk_2161580591957523893', 'blk_7240227881194993860', 'blk_-8298405680648445349', 'blk_-4253026248821272215', 'blk_8377661448601579317', 'blk_8029153852899017155', 'blk_-8754388319080705916', 'blk_-7844092300527332901', 'blk_710178463364063355', 'blk_-5136849989188547884', 'blk_8393887138377503163', 'blk_-6950176077776664217', 'blk_-6488701068659548195', 'blk_2537458728254532453', 'blk_364441107933628577', 'blk_6207861897580168557', 'blk_8814943807366894581', 'blk_-4150682644311695471', 'blk_9174833667156726933', 'blk_649427218152856001', 'blk_-7403541028238011236', 'blk_-334982586592048773', 'blk_61908781908925992', 'blk_6385574357371832424', 'blk_-66376131060945541', 'blk_1372596948297458670', 'blk_-3389135155401857220', 'blk_-6035411221441929663', 'blk_-5127580069634421247', 'blk_-5685246533892022418', 'blk_4977937528993040451', 'blk_5680538862600094527', 'blk_-8378747462487962732', 'blk_425101290285860876', 'blk_6306622708327890839', 'blk_-1067866602168873257']"
1,HDFS,E4,BLOCK* ask <*>:<*> to delete  blk_<*>,"['BLOCK*', 'ask', '10.250.10.213:50010', 'to', 'delete', 'blk_4029139044660806713', 'blk_-5471189807977280544', 'blk_6708643067868168687', 'blk_-500678958150296008', 'blk_-8597840983621849778', 'blk_-3610057702150392748', 'blk_-1709606535283888232', 'blk_-4154362211643572668', 'blk_-8892080524136798472', 'blk_5356427838869009345', 'blk_-6987238639050161133', 'blk_-5215128860160823363', 'blk_7186692462976470823', 'blk_-6538449588297475521', 'blk_-2165930080589343952', 'blk_-5524899010031625427', 'blk_6384439316405471171', 'blk_-2965258329365213675', 'blk_118950937507976810', 'blk_-1717088081766373300', 'blk_-3911466865418055820', 'blk_1237334407720045724', 'blk_-760015977981369567', 'blk_-6802007379650646616', 'blk_-7667535133893574689', 'blk_6865645438678864855', 'blk_4633996820313194570', 'blk_7225301266481603731', 'blk_-4930257130609958866', 'blk_-4124845864570823487', 'blk_4927011145115127531', 'blk_7234346856930822716', 'blk_7159969052744592746', 'blk_1296823600557793869', 'blk_2209319141644287774', 'blk_-622218131799806364', 'blk_-8154516246083521409', 'blk_4466433199471909449', 'blk_8406894133999850666', 'blk_991075908349619367', 'blk_-2081474832657208733', 'blk_-5573393775847919985', 'blk_2004177185950968695', 'blk_4041319486058127641', 'blk_6449230045010995668', 'blk_5978265573904271474', 'blk_-4813738732036414715', 'blk_4389340532803855247', 'blk_-857151863616763327', 'blk_-7200136644339435027', 'blk_-1454962873426270839', 'blk_-5012294311590635938', 'blk_7112727670634942639', 'blk_3335012758760643328', 'blk_3382627815322561484', 'blk_825124020036421636', 'blk_-8040559034239258688', 'blk_-5415591001139074826', 'blk_-1052513063506891954', 'blk_-1155882018729560343', 'blk_-5679835604685169040', 'blk_-4498808851217768984', 'blk_8345415947062862337', 'blk_8521655806854586696', 'blk_7602939593939794410', 'blk_-4833650023923869528', 'blk_7237730029042141635', 'blk_2860897425785746911', 'blk_-1937193099911148343', 'blk_5740615689780260922', 'blk_963252337613423037', 'blk_5537011318013544619', 'blk_2626057344048606017', 'blk_8296499240199635880', 'blk_7211071078501521087', 'blk_8823112510768971040', 'blk_-3366974935992288326', 'blk_-2947778702643296262', 'blk_7693891282153136044', 'blk_4644812717442758529', 'blk_-5724970555730638200', 'blk_-3039294462945223064', 'blk_-1729755380346651221', 'blk_-6448673813272428418', 'blk_-7724282460846954976', 'blk_2698691234887375588', 'blk_-4043525878322523713', 'blk_-5195120009388265', 'blk_8879208244602324204', 'blk_-5784376901556131897', 'blk_-5201149273969117873', 'blk_5253889604362640423', 'blk_7067050654303940677', 'blk_8992626816092659826', 'blk_-488462739843441981', 'blk_8543991617360374935', 'blk_1943146154560599630', 'blk_-9194660123773136535', 'blk_3351984198891394382', 'blk_-6759123807563555545']"
2,HDFS,E4,BLOCK* ask <*>:<*> to delete  blk_<*>,"['BLOCK*', 'ask', '10.251.126.5:50010', 'to', 'delete', 'blk_-9016567407076718172', 'blk_-8695715290502978219', 'blk_-7168328752988473716', 'blk_-4355192005224403537', 'blk_-3757501769775889193', 'blk_-154600013573668394', 'blk_167132135416677587', 'blk_2654596473569751784', 'blk_5202581916713319258']"
3,Zookeeper,E44,Server environment:<*>,"['Server', 'environment:java.vendor=Oracle', 'Corporation']"
4,Zookeeper,E44,Server environment:<*>,"['Server', 'environment:zookeeper.version=3.4.5--1,', 'built', 'on', '06/10/2013', '17:26', 'GMT']"
5,Zookeeper,E44,Server environment:<*>,"['Server', 'environment:user.name=zookeeper']"
6,Zookeeper,E44,Server environment:<*>,"['Server', 'environment:os.name=Linux']"
7,Zookeeper,E44,Server environment:<*>,"['Server', 'environment:java.vendor=Oracle', 'Corporation']"
8,Zookeeper,E44,Server environment:<*>,"['Server', 'environment:java.class.path=/etc/zookeeper/conf:/usr/share/java/jline.jar:/usr/share/java/log4j-1.2.jar:/usr/share/java/xercesImpl.jar:/usr/share/java/xmlParserAPIs.jar:/usr/share/java/netty.jar:/usr/share/java/slf4j-api.jar:/usr/share/java/slf4j-log4j12.jar:/usr/share/java/zookeeper.jar']"
9,Zookeeper,E44,Server environment:<*>,"['Server', 'environment:os.name=Linux']"
10,Zookeeper,E44,Server environment:<*>,"['Server', 'environment:user.name=zookeeper']"
11,Zookeeper,E44,Server environment:<*>,"['Server', 'environment:java.home=/usr/lib/jvm/java-7-openjdk-amd64/jre']"
12,HPC,E43,Targeting domains:node-D<*>and nodes:node-<*>,"['Targeting', 'domains:node-D0', 'and', 'nodes:node-0']"
13,HPC,E43,Targeting domains:node-D<*>and nodes:node-<*>,"['Targeting', 'domains:node-D[0\\', '5]', 'and', 'nodes:node-[27\\', '191]']"
14,HPC,E43,Targeting domains:node-D<*>and nodes:node-<*>,"['Targeting', 'domains:node-D2', 'and', 'nodes:node-84']"
15,HPC,E20,inconsistent nodesets node-<*> <*> <ok> node-<*> <*> <ok> node-<*> <*> <ok> node-<*> <*> <ok><*>,"['inconsistent', 'nodesets', 'node-1', '0x000001fc', '<ok>', 'node-2', '0x000001fc', '<ok>', 'node-7', '0x000001fc', '<ok>', 'node-4', '0x000001fc', '<ok>', 'node-6', '0x000001fc', '<ok>', 'node-5', '0x000001fc', '<ok>', 'node-3', '0x000001fc', '<ok>', 'node-14', '0x0003fdfc', '<ok>', 'node-13', '0x0003fdfc', '<ok>', 'node-12', '0x0003fdfc', '<ok>', 'node-10', '0x0003fdfc', '<ok>', 'node-16', '0x0003fdfc', '<ok>', 'node-15', '0x0003fdfc', '<ok>']"
16,HPC,E20,inconsistent nodesets node-<*> <*> <ok> node-<*> <*> <ok> node-<*> <*> <ok> node-<*> <*> <ok><*>,"['inconsistent', 'nodesets', 'node-31', '0x1fffffffe', '<ok>', 'node-0', '0xfffffffe', '<ok>', 'node-1', '0xfffffffe', '<ok>', 'node-2', '0xfffffffe', '<ok>', 'node-30', '0xfffffffe', '<ok>']"
17,Thunderbird,E146,Warning: we failed to resolve data source name <*>,"['Warning:', 'we', 'failed', 'to', 'resolve', 'data', 'source', 'name', 'dadmin2', 'dadmin3', 'dadmin4']"
18,Thunderbird,E111,RRD_update (/var/lib/ganglia/rrds/<*>.rrd): illegal attempt to update using time <*> when last update time is <*> (minimum one second step),"['RRD_update', '(/var/lib/ganglia/rrds/unspecified/badmin3/disk_total.rrd):', 'illegal', 'attempt', 'to', 'update', 'using', 'time', '1131559854', 'when', 'last', 'update', 'time', 'is', '1131559854', '(minimum', 'one', 'second', 'step)']"
19,Thunderbird,E146,Warning: we failed to resolve data source name <*>,"['Warning:', 'we', 'failed', 'to', 'resolve', 'data', 'source', 'name', 'bn782', 'bn783', 'bn784', 'bn785', 'bn786', 'bn787', 'bn788', 'bn789', 'bn790', 'bn791', 'bn792', 'bn793', 'bn794', 'bn795', 'bn796', 'bn797', 'bn798', 'bn799', 'bn800', 'bn801', 'bn802', 'bn803', 'bn804', 'bn805', 'bn806', 'bn807', 'bn808', 'bn809', 'bn810', 'bn811', 'bn812', 'bn813', 'bn814', 'bn815', 'bn816', 'bn817', 'bn818', 'bn819', 'bn820', 'bn821', 'bn822', 'bn823', 'bn824', 'bn825', 'bn826', 'bn827', 'bn828', 'bn829', 'bn830', 'bn831', 'bn832', 'bn833', 'bn834', 'bn835', 'bn836', 'bn837', 'bn838', 'bn839', 'bn840', 'bn841', 'bn842', 'bn843', 'bn844', 'bn845', 'bn846', 'bn847', 'bn848', 'bn849', 'bn850', 'bn851', 'bn852', 'bn853', 'bn854', 'bn855', 'bn856', 'bn857', 'bn858', 'bn859', 'bn860', 'bn861', 'bn862', 'bn863', 'bn864', 'bn865', 'bn866', 'bn867', 'bn868', 'bn869', 'bn870', 'bn871', 'bn872', 'bn873', 'bn874', 'bn875', 'bn876', 'bn877', 'bn878', 'bn879', 'bn880', 'bn881', 'bn882', 'bn883', 'bn884', 'bn885', 'bn886', 'bn887', 'bn888', 'bn889', 'bn890', 'bn891', 'bn892', 'bn893', 'bn894', 'bn895', 'bn896']"
20,Thunderbird,E146,Warning: we failed to resolve data source name <*>,"['Warning:', 'we', 'failed', 'to', 'resolve', 'data', 'source', 'name', 'bn910', 'bn911', 'bn912', 'bn913', 'bn914', 'bn915', 'bn916', 'bn917', 'bn918', 'bn919', 'bn920', 'bn921', 'bn922', 'bn923', 'bn924', 'bn925', 'bn926', 'bn927', 'bn928', 'bn929', 'bn930', 'bn931', 'bn932', 'bn933', 'bn934', 'bn935', 'bn936', 'bn937', 'bn938', 'bn939', 'bn940', 'bn941', 'bn942', 'bn943', 'bn944', 'bn945', 'bn946', 'bn947', 'bn948', 'bn949', 'bn950', 'bn951', 'bn952', 'bn953', 'bn954', 'bn955', 'bn956', 'bn957', 'bn958', 'bn959', 'bn960', 'bn961', 'bn962', 'bn963', 'bn964', 'bn965', 'bn966', 'bn967', 'bn968', 'bn969', 'bn970', 'bn971', 'bn972', 'bn973', 'bn974', 'bn975', 'bn976', 'bn977', 'bn978', 'bn979', 'bn980', 'bn981', 'bn982', 'bn983', 'bn984', 'bn985', 'bn986', 'bn987', 'bn988', 'bn989', 'bn990', 'bn991', 'bn992', 'bn993', 'bn994', 'bn995', 'bn996', 'bn997', 'bn998', 'bn999', 'bn1000', 'bn1001', 'bn1002', 'bn1003', 'bn1004', 'bn1005', 'bn1006', 'bn1007', 'bn1008', 'bn1009', 'bn1010', 'bn1011', 'bn1012', 'bn1013', 'bn1014', 'bn1015', 'bn1016', 'bn1017', 'bn1018', 'bn1019', 'bn1020', 'bn1021', 'bn1022', 'bn1023', 'bn1024']"
21,Thunderbird,E146,Warning: we failed to resolve data source name <*>,"['Warning:', 'we', 'failed', 'to', 'resolve', 'data', 'source', 'name', 'cn14', 'cn15', 'cn16', 'cn17', 'cn18', 'cn19', 'cn20', 'cn21', 'cn22', 'cn23', 'cn24', 'cn25', 'cn26', 'cn27', 'cn28', 'cn29', 'cn30', 'cn31', 'cn32', 'cn33', 'cn34', 'cn35', 'cn36', 'cn37', 'cn38', 'cn39', 'cn40', 'cn41', 'cn42', 'cn43', 'cn44', 'cn45', 'cn46', 'cn47', 'cn48', 'cn49', 'cn50', 'cn51', 'cn52', 'cn53', 'cn54', 'cn55', 'cn56', 'cn57', 'cn58', 'cn59', 'cn60', 'cn61', 'cn62', 'cn63', 'cn64', 'cn65', 'cn66', 'cn67', 'cn68', 'cn69', 'cn70', 'cn71', 'cn72', 'cn73', 'cn74', 'cn75', 'cn76', 'cn77', 'cn78', 'cn79', 'cn80', 'cn81', 'cn82', 'cn83', 'cn84', 'cn85', 'cn86', 'cn87', 'cn88', 'cn89', 'cn90', 'cn91', 'cn92', 'cn93', 'cn94', 'cn95', 'cn96', 'cn97', 'cn98', 'cn99', 'cn100', 'cn101', 'cn102', 'cn103', 'cn104', 'cn105', 'cn106', 'cn107', 'cn108', 'cn109', 'cn110', 'cn111', 'cn112', 'cn113', 'cn114', 'cn115', 'cn116', 'cn117', 'cn118', 'cn119', 'cn120', 'cn121', 'cn122', 'cn123', 'cn124', 'cn125', 'cn126', 'cn127', 'cn128']"
22,Thunderbird,E146,Warning: we failed to resolve data source name <*>,"['Warning:', 'we', 'failed', 'to', 'resolve', 'data', 'source', 'name', 'cn142', 'cn143', 'cn144', 'cn145', 'cn146', 'cn147', 'cn148', 'cn149', 'cn150', 'cn151', 'cn152', 'cn153', 'cn154', 'cn155', 'cn156', 'cn157', 'cn158', 'cn159', 'cn160', 'cn161', 'cn162', 'cn163', 'cn164', 'cn165', 'cn166', 'cn167', 'cn168', 'cn169', 'cn170', 'cn171', 'cn172', 'cn173', 'cn174', 'cn175', 'cn176', 'cn177', 'cn178', 'cn179', 'cn180', 'cn181', 'cn182', 'cn183', 'cn184', 'cn185', 'cn186', 'cn187', 'cn188', 'cn189', 'cn190', 'cn191', 'cn192', 'cn193', 'cn194', 'cn195', 'cn196', 'cn197', 'cn198', 'cn199', 'cn200', 'cn201', 'cn202', 'cn203', 'cn204', 'cn205', 'cn206', 'cn207', 'cn208', 'cn209', 'cn210', 'cn211', 'cn212', 'cn213', 'cn214', 'cn215', 'cn216', 'cn217', 'cn218', 'cn219', 'cn220', 'cn221', 'cn222', 'cn223', 'cn224', 'cn225', 'cn226', 'cn227', 'cn228', 'cn229', 'cn230', 'cn231', 'cn232', 'cn233', 'cn234', 'cn235', 'cn236', 'cn237', 'cn238', 'cn239', 'cn240', 'cn241', 'cn242', 'cn243', 'cn244', 'cn245', 'cn246', 'cn247', 'cn248', 'cn249', 'cn250', 'cn251', 'cn252', 'cn253', 'cn254', 'cn255', 'cn256']"
23,Thunderbird,E146,Warning: we failed to resolve data source name <*>,"['Warning:', 'we', 'failed', 'to', 'resolve', 'data', 'source', 'name', 'cn270', 'cn271', 'cn272', 'cn273', 'cn274', 'cn275', 'cn276', 'cn277', 'cn278', 'cn279', 'cn280', 'cn281', 'cn282', 'cn283', 'cn284', 'cn285', 'cn286', 'cn287', 'cn288', 'cn289', 'cn290', 'cn291', 'cn292', 'cn293', 'cn294', 'cn295', 'cn296', 'cn297', 'cn298', 'cn299', 'cn300', 'cn301', 'cn302', 'cn303', 'cn304', 'cn305', 'cn306', 'cn307', 'cn308', 'cn309', 'cn310', 'cn311', 'cn312', 'cn313', 'cn314', 'cn315', 'cn316', 'cn317', 'cn318', 'cn319', 'cn320', 'cn321', 'cn322', 'cn323', 'cn324', 'cn325', 'cn326', 'cn327', 'cn328', 'cn329', 'cn330', 'cn331', 'cn332', 'cn333', 'cn334', 'cn335', 'cn336', 'cn337', 'cn338', 'cn339', 'cn340', 'cn341', 'cn342', 'cn343', 'cn344', 'cn345', 'cn346', 'cn347', 'cn348', 'cn349', 'cn350', 'cn351', 'cn352', 'cn353', 'cn354', 'cn355', 'cn356', 'cn357', 'cn358', 'cn359', 'cn360', 'cn361', 'cn362', 'cn363', 'cn364', 'cn365', 'cn366', 'cn367', 'cn368', 'cn369', 'cn370', 'cn371', 'cn372', 'cn373', 'cn374', 'cn375', 'cn376', 'cn377', 'cn378', 'cn379', 'cn380', 'cn381', 'cn382', 'cn383', 'cn384']"
24,Thunderbird,E146,Warning: we failed to resolve data source name <*>,"['Warning:', 'we', 'failed', 'to', 'resolve', 'data', 'source', 'name', 'cn398', 'cn399', 'cn400', 'cn401', 'cn402', 'cn403', 'cn404', 'cn405', 'cn406', 'cn407', 'cn408', 'cn409', 'cn410', 'cn411', 'cn412', 'cn413', 'cn414', 'cn415', 'cn416', 'cn417', 'cn418', 'cn419', 'cn420', 'cn421', 'cn422', 'cn423', 'cn424', 'cn425', 'cn426', 'cn427', 'cn428', 'cn429', 'cn430', 'cn431', 'cn432', 'cn433', 'cn434', 'cn435', 'cn436', 'cn437', 'cn438', 'cn439', 'cn440', 'cn441', 'cn442', 'cn443', 'cn444', 'cn445', 'cn446', 'cn447', 'cn448', 'cn449', 'cn450', 'cn451', 'cn452', 'cn453', 'cn454', 'cn455', 'cn456', 'cn457', 'cn458', 'cn459', 'cn460', 'cn461', 'cn462', 'cn463', 'cn464', 'cn465', 'cn466', 'cn467', 'cn468', 'cn469', 'cn470', 'cn471', 'cn472', 'cn473', 'cn474', 'cn475', 'cn476', 'cn477', 'cn478', 'cn479', 'cn480', 'cn481', 'cn482', 'cn483', 'cn484', 'cn485', 'cn486', 'cn487', 'cn488', 'cn489', 'cn490', 'cn491', 'cn492', 'cn493', 'cn494', 'cn495', 'cn496', 'cn497', 'cn498', 'cn499', 'cn500', 'cn501', 'cn502', 'cn503', 'cn504', 'cn505', 'cn506', 'cn507', 'cn508', 'cn509', 'cn510', 'cn511', 'cn512']"
25,Thunderbird,E146,Warning: we failed to resolve data source name <*>,"['Warning:', 'we', 'failed', 'to', 'resolve', 'data', 'source', 'name', 'cn526', 'cn527', 'cn528', 'cn529', 'cn530', 'cn531', 'cn532', 'cn533', 'cn534', 'cn535', 'cn536', 'cn537', 'cn538', 'cn539', 'cn540', 'cn541', 'cn542', 'cn543', 'cn544', 'cn545', 'cn546', 'cn547', 'cn548', 'cn549', 'cn550', 'cn551', 'cn552', 'cn553', 'cn554', 'cn555', 'cn556', 'cn557', 'cn558', 'cn559', 'cn560', 'cn561', 'cn562', 'cn563', 'cn564', 'cn565', 'cn566', 'cn567', 'cn568', 'cn569', 'cn570', 'cn571', 'cn572', 'cn573', 'cn574', 'cn575', 'cn576', 'cn577', 'cn578', 'cn579', 'cn580', 'cn581', 'cn582', 'cn583', 'cn584', 'cn585', 'cn586', 'cn587', 'cn588', 'cn589', 'cn590', 'cn591', 'cn592', 'cn593', 'cn594', 'cn595', 'cn596', 'cn597', 'cn598', 'cn599', 'cn600', 'cn601', 'cn602', 'cn603', 'cn604', 'cn605', 'cn606', 'cn607', 'cn608', 'cn609', 'cn610', 'cn611', 'cn612', 'cn613', 'cn614', 'cn615', 'cn616', 'cn617', 'cn618', 'cn619', 'cn620', 'cn621', 'cn622', 'cn623', 'cn624', 'cn625', 'cn626', 'cn627', 'cn628', 'cn629', 'cn630', 'cn631', 'cn632', 'cn633', 'cn634', 'cn635', 'cn636', 'cn637', 'cn638', 'cn639', 'cn640']"
26,Thunderbird,E146,Warning: we failed to resolve data source name <*>,"['Warning:', 'we', 'failed', 'to', 'resolve', 'data', 'source', 'name', 'cn654', 'cn655', 'cn656', 'cn657', 'cn658', 'cn659', 'cn660', 'cn661', 'cn662', 'cn663', 'cn664', 'cn665', 'cn666', 'cn667', 'cn668', 'cn669', 'cn670', 'cn671', 'cn672', 'cn673', 'cn674', 'cn675', 'cn676', 'cn677', 'cn678', 'cn679', 'cn680', 'cn681', 'cn682', 'cn683', 'cn684', 'cn685', 'cn686', 'cn687', 'cn688', 'cn689', 'cn690', 'cn691', 'cn692', 'cn693', 'cn694', 'cn695', 'cn696', 'cn697', 'cn698', 'cn699', 'cn700', 'cn701', 'cn702', 'cn703', 'cn704', 'cn705', 'cn706', 'cn707', 'cn708', 'cn709', 'cn710', 'cn711', 'cn712', 'cn713', 'cn714', 'cn715', 'cn716', 'cn717', 'cn718', 'cn719', 'cn720', 'cn721', 'cn722', 'cn723', 'cn724', 'cn725', 'cn726', 'cn727', 'cn728', 'cn729', 'cn730', 'cn731', 'cn732', 'cn733', 'cn734', 'cn735', 'cn736', 'cn737', 'cn738', 'cn739', 'cn740', 'cn741', 'cn742', 'cn743', 'cn744', 'cn745', 'cn746', 'cn747', 'cn748', 'cn749', 'cn750', 'cn751', 'cn752', 'cn753', 'cn754', 'cn755', 'cn756', 'cn757', 'cn758', 'cn759', 'cn760', 'cn761', 'cn762', 'cn763', 'cn764', 'cn765', 'cn766', 'cn767', 'cn768']"
27,Thunderbird,E146,Warning: we failed to resolve data source name <*>,"['Warning:', 'we', 'failed', 'to', 'resolve', 'data', 'source', 'name', 'cn782', 'cn783', 'cn784', 'cn785', 'cn786', 'cn787', 'cn788', 'cn789', 'cn790', 'cn791', 'cn792', 'cn793', 'cn794', 'cn795', 'cn796', 'cn797', 'cn798', 'cn799', 'cn800', 'cn801', 'cn802', 'cn803', 'cn804', 'cn805', 'cn806', 'cn807', 'cn808', 'cn809', 'cn810', 'cn811', 'cn812', 'cn813', 'cn814', 'cn815', 'cn816', 'cn817', 'cn818', 'cn819', 'cn820', 'cn821', 'cn822', 'cn823', 'cn824', 'cn825', 'cn826', 'cn827', 'cn828', 'cn829', 'cn830', 'cn831', 'cn832', 'cn833', 'cn834', 'cn835', 'cn836', 'cn837', 'cn838', 'cn839', 'cn840', 'cn841', 'cn842', 'cn843', 'cn844', 'cn845', 'cn846', 'cn847', 'cn848', 'cn849', 'cn850', 'cn851', 'cn852', 'cn853', 'cn854', 'cn855', 'cn856', 'cn857', 'cn858', 'cn859', 'cn860', 'cn861', 'cn862', 'cn863', 'cn864', 'cn865', 'cn866', 'cn867', 'cn868', 'cn869', 'cn870', 'cn871', 'cn872', 'cn873', 'cn874', 'cn875', 'cn876', 'cn877', 'cn878', 'cn879', 'cn880', 'cn881', 'cn882', 'cn883', 'cn884', 'cn885', 'cn886', 'cn887', 'cn888', 'cn889', 'cn890', 'cn891', 'cn892', 'cn893', 'cn894', 'cn895', 'cn896']"
28,Thunderbird,E146,Warning: we failed to resolve data source name <*>,"['Warning:', 'we', 'failed', 'to', 'resolve', 'data', 'source', 'name', 'cn910', 'cn911', 'cn912', 'cn913', 'cn914', 'cn915', 'cn916', 'cn917', 'cn918', 'cn919', 'cn920', 'cn921', 'cn922', 'cn923', 'cn924', 'cn925', 'cn926', 'cn927', 'cn928', 'cn929', 'cn930', 'cn931', 'cn932', 'cn933', 'cn934', 'cn935', 'cn936', 'cn937', 'cn938', 'cn939', 'cn940', 'cn941', 'cn942', 'cn943', 'cn944', 'cn945', 'cn946', 'cn947', 'cn948', 'cn949', 'cn950', 'cn951', 'cn952', 'cn953', 'cn954', 'cn955', 'cn956', 'cn957', 'cn958', 'cn959', 'cn960', 'cn961', 'cn962', 'cn963', 'cn964', 'cn965', 'cn966', 'cn967', 'cn968', 'cn969', 'cn970', 'cn971', 'cn972', 'cn973', 'cn974', 'cn975', 'cn976', 'cn977', 'cn978', 'cn979', 'cn980', 'cn981', 'cn982', 'cn983', 'cn984', 'cn985', 'cn986', 'cn987', 'cn988', 'cn989', 'cn990', 'cn991', 'cn992', 'cn993', 'cn994', 'cn995', 'cn996', 'cn997', 'cn998', 'cn999', 'cn1000', 'cn1001', 'cn1002', 'cn1003', 'cn1004', 'cn1005', 'cn1006', 'cn1007', 'cn1008', 'cn1009', 'cn1010', 'cn1011', 'cn1012', 'cn1013', 'cn1014', 'cn1015', 'cn1016', 'cn1017', 'cn1018', 'cn1019', 'cn1020', 'cn1021', 'cn1022', 'cn1023', 'cn1024']"
29,Thunderbird,E146,Warning: we failed to resolve data source name <*>,"['Warning:', 'we', 'failed', 'to', 'resolve', 'data', 'source', 'name', 'dn14', 'dn15', 'dn16', 'dn17', 'dn18', 'dn19', 'dn20', 'dn21', 'dn22', 'dn23', 'dn24', 'dn25', 'dn26', 'dn27', 'dn28', 'dn29', 'dn30', 'dn31', 'dn32', 'dn33', 'dn34', 'dn35', 'dn36', 'dn37', 'dn38', 'dn39', 'dn40', 'dn41', 'dn42', 'dn43', 'dn44', 'dn45', 'dn46', 'dn47', 'dn48', 'dn49', 'dn50', 'dn51', 'dn52', 'dn53', 'dn54', 'dn55', 'dn56', 'dn57', 'dn58', 'dn59', 'dn60', 'dn61', 'dn62', 'dn63', 'dn64', 'dn65', 'dn66', 'dn67', 'dn68', 'dn69', 'dn70', 'dn71', 'dn72', 'dn73', 'dn74', 'dn75', 'dn76', 'dn77', 'dn78', 'dn79', 'dn80', 'dn81', 'dn82', 'dn83', 'dn84', 'dn85', 'dn86', 'dn87', 'dn88', 'dn89', 'dn90', 'dn91', 'dn92', 'dn93', 'dn94', 'dn95', 'dn96', 'dn97', 'dn98', 'dn99', 'dn100', 'dn101', 'dn102', 'dn103', 'dn104', 'dn105', 'dn106', 'dn107', 'dn108', 'dn109', 'dn110', 'dn111', 'dn112', 'dn113', 'dn114', 'dn115', 'dn116', 'dn117', 'dn118', 'dn119', 'dn120', 'dn121', 'dn122', 'dn123', 'dn124', 'dn125', 'dn126', 'dn127', 'dn128']"
30,Thunderbird,E146,Warning: we failed to resolve data source name <*>,"['Warning:', 'we', 'failed', 'to', 'resolve', 'data', 'source', 'name', 'dn142', 'dn143', 'dn144', 'dn145', 'dn146', 'dn147', 'dn148', 'dn149', 'dn150', 'dn151', 'dn152', 'dn153', 'dn154', 'dn155', 'dn156', 'dn157', 'dn158', 'dn159', 'dn160', 'dn161', 'dn162', 'dn163', 'dn164', 'dn165', 'dn166', 'dn167', 'dn168', 'dn169', 'dn170', 'dn171', 'dn172', 'dn173', 'dn174', 'dn175', 'dn176', 'dn177', 'dn178', 'dn179', 'dn180', 'dn181', 'dn182', 'dn183', 'dn184', 'dn185', 'dn186', 'dn187', 'dn188', 'dn189', 'dn190', 'dn191', 'dn192', 'dn193', 'dn194', 'dn195', 'dn196', 'dn197', 'dn198', 'dn199', 'dn200', 'dn201', 'dn202', 'dn203', 'dn204', 'dn205', 'dn206', 'dn207', 'dn208', 'dn209', 'dn210', 'dn211', 'dn212', 'dn213', 'dn214', 'dn215', 'dn216', 'dn217', 'dn218', 'dn219', 'dn220', 'dn221', 'dn222', 'dn223', 'dn224', 'dn225', 'dn226', 'dn227', 'dn228', 'dn229', 'dn230', 'dn231', 'dn232', 'dn233', 'dn234', 'dn235', 'dn236', 'dn237', 'dn238', 'dn239', 'dn240', 'dn241', 'dn242', 'dn243', 'dn244', 'dn245', 'dn246', 'dn247', 'dn248', 'dn249', 'dn250', 'dn251', 'dn252', 'dn253', 'dn254', 'dn255', 'dn256']"
31,Thunderbird,E146,Warning: we failed to resolve data source name <*>,"['Warning:', 'we', 'failed', 'to', 'resolve', 'data', 'source', 'name', 'dn270', 'dn271', 'dn272', 'dn273', 'dn274', 'dn275', 'dn276', 'dn277', 'dn278', 'dn279', 'dn280', 'dn281', 'dn282', 'dn283', 'dn284', 'dn285', 'dn286', 'dn287', 'dn288', 'dn289', 'dn290', 'dn291', 'dn292', 'dn293', 'dn294', 'dn295', 'dn296', 'dn297', 'dn298', 'dn299', 'dn300', 'dn301', 'dn302', 'dn303', 'dn304', 'dn305', 'dn306', 'dn307', 'dn308', 'dn309', 'dn310', 'dn311', 'dn312', 'dn313', 'dn314', 'dn315', 'dn316', 'dn317', 'dn318', 'dn319', 'dn320', 'dn321', 'dn322', 'dn323', 'dn324', 'dn325', 'dn326', 'dn327', 'dn328', 'dn329', 'dn330', 'dn331', 'dn332', 'dn333', 'dn334', 'dn335', 'dn336', 'dn337', 'dn338', 'dn339', 'dn340', 'dn341', 'dn342', 'dn343', 'dn344', 'dn345', 'dn346', 'dn347', 'dn348', 'dn349', 'dn350', 'dn351', 'dn352', 'dn353', 'dn354', 'dn355', 'dn356', 'dn357', 'dn358', 'dn359', 'dn360', 'dn361', 'dn362', 'dn363', 'dn364', 'dn365', 'dn366', 'dn367', 'dn368', 'dn369', 'dn370', 'dn371', 'dn372', 'dn373', 'dn374', 'dn375', 'dn376', 'dn377', 'dn378', 'dn379', 'dn380', 'dn381', 'dn382', 'dn383', 'dn384']"
32,Thunderbird,E146,Warning: we failed to resolve data source name <*>,"['Warning:', 'we', 'failed', 'to', 'resolve', 'data', 'source', 'name', 'dn398', 'dn399', 'dn400', 'dn401', 'dn402', 'dn403', 'dn404', 'dn405', 'dn406', 'dn407', 'dn408', 'dn409', 'dn410', 'dn411', 'dn412', 'dn413', 'dn414', 'dn415', 'dn416', 'dn417', 'dn418', 'dn419', 'dn420', 'dn421', 'dn422', 'dn423', 'dn424', 'dn425', 'dn426', 'dn427', 'dn428', 'dn429', 'dn430', 'dn431', 'dn432', 'dn433', 'dn434', 'dn435', 'dn436', 'dn437', 'dn438', 'dn439', 'dn440', 'dn441', 'dn442', 'dn443', 'dn444', 'dn445', 'dn446', 'dn447', 'dn448', 'dn449', 'dn450', 'dn451', 'dn452', 'dn453', 'dn454', 'dn455', 'dn456', 'dn457', 'dn458', 'dn459', 'dn460', 'dn461', 'dn462', 'dn463', 'dn464', 'dn465', 'dn466', 'dn467', 'dn468', 'dn469', 'dn470', 'dn471', 'dn472', 'dn473', 'dn474', 'dn475', 'dn476', 'dn477', 'dn478', 'dn479', 'dn480', 'dn481', 'dn482', 'dn483', 'dn484', 'dn485', 'dn486', 'dn487', 'dn488', 'dn489', 'dn490', 'dn491', 'dn492', 'dn493', 'dn494', 'dn495', 'dn496', 'dn497', 'dn498', 'dn499', 'dn500', 'dn501', 'dn502', 'dn503', 'dn504', 'dn505', 'dn506', 'dn507', 'dn508', 'dn509', 'dn510', 'dn511', 'dn512']"
33,Thunderbird,E146,Warning: we failed to resolve data source name <*>,"['Warning:', 'we', 'failed', 'to', 'resolve', 'data', 'source', 'name', 'dn526', 'dn527', 'dn528', 'dn529', 'dn530', 'dn531', 'dn532', 'dn533', 'dn534', 'dn535', 'dn536', 'dn537', 'dn538', 'dn539', 'dn540', 'dn541', 'dn542', 'dn543', 'dn544', 'dn545', 'dn546', 'dn547', 'dn548', 'dn549', 'dn550', 'dn551', 'dn552', 'dn553', 'dn554', 'dn555', 'dn556', 'dn557', 'dn558', 'dn559', 'dn560', 'dn561', 'dn562', 'dn563', 'dn564', 'dn565', 'dn566', 'dn567', 'dn568', 'dn569', 'dn570', 'dn571', 'dn572', 'dn573', 'dn574', 'dn575', 'dn576', 'dn577', 'dn578', 'dn579', 'dn580', 'dn581', 'dn582', 'dn583', 'dn584', 'dn585', 'dn586', 'dn587', 'dn588', 'dn589', 'dn590', 'dn591', 'dn592', 'dn593', 'dn594', 'dn595', 'dn596', 'dn597', 'dn598', 'dn599', 'dn600', 'dn601', 'dn602', 'dn603', 'dn604', 'dn605', 'dn606', 'dn607', 'dn608', 'dn609', 'dn610', 'dn611', 'dn612', 'dn613', 'dn614', 'dn615', 'dn616', 'dn617', 'dn618', 'dn619', 'dn620', 'dn621', 'dn622', 'dn623', 'dn624', 'dn625', 'dn626', 'dn627', 'dn628', 'dn629', 'dn630', 'dn631', 'dn632', 'dn633', 'dn634', 'dn635', 'dn636', 'dn637', 'dn638', 'dn639', 'dn640']"
34,Thunderbird,E146,Warning: we failed to resolve data source name <*>,"['Warning:', 'we', 'failed', 'to', 'resolve', 'data', 'source', 'name', 'dn654', 'dn655', 'dn656', 'dn657', 'dn658', 'dn659', 'dn660', 'dn661', 'dn662', 'dn663', 'dn664', 'dn665', 'dn666', 'dn667', 'dn668', 'dn669', 'dn670', 'dn671', 'dn672', 'dn673', 'dn674', 'dn675', 'dn676', 'dn677', 'dn678', 'dn679', 'dn680', 'dn681', 'dn682', 'dn683', 'dn684', 'dn685', 'dn686', 'dn687', 'dn688', 'dn689', 'dn690', 'dn691', 'dn692', 'dn693', 'dn694', 'dn695', 'dn696', 'dn697', 'dn698', 'dn699', 'dn700', 'dn701', 'dn702', 'dn703', 'dn704', 'dn705', 'dn706', 'dn707', 'dn708', 'dn709', 'dn710', 'dn711', 'dn712', 'dn713', 'dn714', 'dn715', 'dn716', 'dn717', 'dn718', 'dn719', 'dn720', 'dn721', 'dn722', 'dn723', 'dn724', 'dn725', 'dn726', 'dn727', 'dn728', 'dn729', 'dn730', 'dn731', 'dn732', 'dn733', 'dn734', 'dn735', 'dn736', 'dn737', 'dn738', 'dn739', 'dn740', 'dn741', 'dn742', 'dn743', 'dn744', 'dn745', 'dn746', 'dn747', 'dn748', 'dn749', 'dn750', 'dn751', 'dn752', 'dn753', 'dn754', 'dn755', 'dn756', 'dn757', 'dn758', 'dn759', 'dn760', 'dn761', 'dn762', 'dn763', 'dn764', 'dn765', 'dn766', 'dn767', 'dn768']"
35,Thunderbird,E146,Warning: we failed to resolve data source name <*>,"['Warning:', 'we', 'failed', 'to', 'resolve', 'data', 'source', 'name', 'dn782', 'dn783', 'dn784', 'dn785', 'dn786', 'dn787', 'dn788', 'dn789', 'dn790', 'dn791', 'dn792', 'dn793', 'dn794', 'dn795', 'dn796', 'dn797', 'dn798', 'dn799', 'dn800', 'dn801', 'dn802', 'dn803', 'dn804', 'dn805', 'dn806', 'dn807', 'dn808', 'dn809', 'dn810', 'dn811', 'dn812', 'dn813', 'dn814', 'dn815', 'dn816', 'dn817', 'dn818', 'dn819', 'dn820', 'dn821', 'dn822', 'dn823', 'dn824', 'dn825', 'dn826', 'dn827', 'dn828', 'dn829', 'dn830', 'dn831', 'dn832', 'dn833', 'dn834', 'dn835', 'dn836', 'dn837', 'dn838', 'dn839', 'dn840', 'dn841', 'dn842', 'dn843', 'dn844', 'dn845', 'dn846', 'dn847', 'dn848', 'dn849', 'dn850', 'dn851', 'dn852', 'dn853', 'dn854', 'dn855', 'dn856', 'dn857', 'dn858', 'dn859', 'dn860', 'dn861', 'dn862', 'dn863', 'dn864', 'dn865', 'dn866', 'dn867', 'dn868', 'dn869', 'dn870', 'dn871', 'dn872', 'dn873', 'dn874', 'dn875', 'dn876', 'dn877', 'dn878', 'dn879', 'dn880', 'dn881', 'dn882', 'dn883', 'dn884', 'dn885', 'dn886', 'dn887', 'dn888', 'dn889', 'dn890', 'dn891', 'dn892', 'dn893', 'dn894', 'dn895', 'dn896']"
36,Thunderbird,E146,Warning: we failed to resolve data source name <*>,"['Warning:', 'we', 'failed', 'to', 'resolve', 'data', 'source', 'name', 'dn910', 'dn911', 'dn912', 'dn913', 'dn914', 'dn915', 'dn916', 'dn917', 'dn918', 'dn919', 'dn920', 'dn921', 'dn922', 'dn923', 'dn924', 'dn925', 'dn926', 'dn927', 'dn928', 'dn929', 'dn930', 'dn931', 'dn932', 'dn933', 'dn934', 'dn935', 'dn936', 'dn937', 'dn938', 'dn939', 'dn940', 'dn941', 'dn942', 'dn943', 'dn944', 'dn945', 'dn946', 'dn947', 'dn948', 'dn949', 'dn950', 'dn951', 'dn952', 'dn953', 'dn954', 'dn955', 'dn956', 'dn957', 'dn958', 'dn959', 'dn960', 'dn961', 'dn962', 'dn963', 'dn964', 'dn965', 'dn966', 'dn967', 'dn968', 'dn969', 'dn970', 'dn971', 'dn972', 'dn973', 'dn974', 'dn975', 'dn976', 'dn977', 'dn978', 'dn979', 'dn980', 'dn981', 'dn982', 'dn983', 'dn984', 'dn985', 'dn986', 'dn987', 'dn988', 'dn989', 'dn990', 'dn991', 'dn992', 'dn993', 'dn994', 'dn995', 'dn996', 'dn997', 'dn998', 'dn999', 'dn1000', 'dn1001', 'dn1002', 'dn1003', 'dn1004', 'dn1005', 'dn1006', 'dn1007', 'dn1008', 'dn1009', 'dn1010', 'dn1011', 'dn1012', 'dn1013', 'dn1014', 'dn1015', 'dn1016', 'dn1017', 'dn1018', 'dn1019', 'dn1020', 'dn1021', 'dn1022', 'dn1023', 'dn1024']"
37,Thunderbird,E111,RRD_update (/var/lib/ganglia/rrds/<*>.rrd): illegal attempt to update using time <*> when last update time is <*> (minimum one second step),"['RRD_update', '(/var/lib/ganglia/rrds/D', 'Nodes/dn731/pkts_out.rrd):', 'illegal', 'attempt', 'to', 'update', 'using', 'time', '1131563473', 'when', 'last', 'update', 'time', 'is', '1131563473', '(minimum', 'one', 'second', 'step)']"
38,Andriod,E108,"release:lock=<*>, flg=<*>, tag=""<*>"", name=<*>, ws=<*>, uid=<*>, pid=<*>","['release:lock=189667585,', 'flg=0x0,', 'tag=""*launch*"",', 'name=android"",', 'ws=WorkSource{10113},', 'uid=1000,', 'pid=1702']"
39,Andriod,E41,Destroying surface Surface(name=<*>) called by <*>,"['Destroying', 'surface', 'Surface(name=com.tencent.qt.qtl/com.tencent.video.player.activity.PlayerActivity)', 'called', 'by', 'com.android.server.wm.WindowStateAnimator.destroySurface:2060', 'com.android.server.wm.WindowStateAnimator.destroySurfaceLocked:913', 'com.android.server.wm.WindowState.destroyOrSaveSurface:2201', 'com.android.server.wm.WindowManagerService.tryStartExitingAnimation:3299', 'com.android.server.wm.WindowManagerService.relayoutWindow:3179', 'com.android.server.wm.Session.relayout:215', 'android.view.IWindowSession$Stub.onTransact:286', 'com.android.server.wm.Session.onTransact:136']"
40,Andriod,E108,"release:lock=<*>, flg=<*>, tag=""<*>"", name=<*>, ws=<*>, uid=<*>, pid=<*>","['release:lock=62617001,', 'flg=0x0,', 'tag=""WindowManager"",', 'name=android"",', 'ws=WorkSource{10113},', 'uid=1000,', 'pid=1702']"
41,Andriod,E108,"release:lock=<*>, flg=<*>, tag=""<*>"", name=<*>, ws=<*>, uid=<*>, pid=<*>","['release:lock=226887582,', 'flg=0x0,', 'tag=""SCREEN_FROZEN"",', 'name=android"",', 'ws=null,', 'uid=1000,', 'pid=1702']"
42,Andriod,E10,"acquire lock=<*>, flags=<*>, tag=""<*>"", name=<*>, ws=<*>, uid=<*>, pid=<*>","['acquire', 'lock=166121161,', 'flags=0x1,', 'tag=""RILJ_ACK_WL"",', 'name=com.android.phone,', 'ws=null,', 'uid=1001,', 'pid=2626']"
43,Andriod,E108,"release:lock=<*>, flg=<*>, tag=""<*>"", name=<*>, ws=<*>, uid=<*>, pid=<*>","['release:lock=166121161,', 'flg=0x0,', 'tag=""RILJ_ACK_WL"",', 'name=com.android.phone"",', 'ws=null,', 'uid=1001,', 'pid=2626']"
44,Andriod,E108,"release:lock=<*>, flg=<*>, tag=""<*>"", name=<*>, ws=<*>, uid=<*>, pid=<*>","['release:lock=264232593,', 'flg=0x0,', 'tag=""AudioMix"",', 'name=audioserver"",', 'ws=null,', 'uid=1041,', 'pid=0']"
45,Andriod,E10,"acquire lock=<*>, flags=<*>, tag=""<*>"", name=<*>, ws=<*>, uid=<*>, pid=<*>","['acquire', 'lock=189667585,', 'flags=0x1,', 'tag=""*launch*"",', 'name=android,', 'ws=WorkSource{10113},', 'uid=1000,', 'pid=1702']"
46,Andriod,E108,"release:lock=<*>, flg=<*>, tag=""<*>"", name=<*>, ws=<*>, uid=<*>, pid=<*>","['release:lock=189667585,', 'flg=0x0,', 'tag=""*launch*"",', 'name=android"",', 'ws=WorkSource{10113},', 'uid=1000,', 'pid=1702']"
47,Andriod,E41,Destroying surface Surface(name=<*>) called by <*>,"['Destroying', 'surface', 'Surface(name=com.tencent.qt.qtl/com.tencent.qt.qtl.activity.info.NewsDetailXmlActivity)', 'called', 'by', 'com.android.server.wm.WindowStateAnimator.destroySurface:2060', 'com.android.server.wm.WindowStateAnimator.destroySurfaceLocked:913', 'com.android.server.wm.WindowState.removeLocked:1554', 'com.android.server.wm.WindowManagerService.removeWindowInnerLocked:2739', 'com.android.server.wm.WindowManagerService.removeWindowInnerLocked:2702', 'com.android.server.wm.WindowManagerService.removeWindowLocked:2691', 'com.android.server.wm.WindowManagerService.removeWindowLocked:2560', 'com.android.server.wm.WindowManagerService.removeWindow:2555']"
48,Andriod,E10,"acquire lock=<*>, flags=<*>, tag=""<*>"", name=<*>, ws=<*>, uid=<*>, pid=<*>","['acquire', 'lock=189667585,', 'flags=0x1,', 'tag=""*launch*"",', 'name=android,', 'ws=WorkSource{10111},', 'uid=1000,', 'pid=1702']"
49,Andriod,E108,"release:lock=<*>, flg=<*>, tag=""<*>"", name=<*>, ws=<*>, uid=<*>, pid=<*>","['release:lock=189667585,', 'flg=0x0,', 'tag=""*launch*"",', 'name=android"",', 'ws=WorkSource{10111},', 'uid=1000,', 'pid=1702']"
50,Andriod,E41,Destroying surface Surface(name=<*>) called by <*>,"['Destroying', 'surface', 'Surface(name=com.tencent.qt.qtl/com.tencent.qt.qtl.activity.main.MainTabActivity)', 'called', 'by', 'com.android.server.wm.WindowStateAnimator.destroySurface:2060', 'com.android.server.wm.WindowStateAnimator.destroySurfaceLocked:913', 'com.android.server.wm.WindowState.destroyOrSaveSurface:2201', 'com.android.server.wm.AppWindowToken.destroySurfaces:374', 'com.android.server.wm.AppWindowToken.notifyAppStopped:400', 'com.android.server.wm.WindowManagerService.notifyAppStopped:4869', 'com.android.server.am.ActivityStack.activityStoppedLocked:1393', 'com.android.server.am.ActivityManagerService.activityStopped:7690']"
51,Andriod,E10,"acquire lock=<*>, flags=<*>, tag=""<*>"", name=<*>, ws=<*>, uid=<*>, pid=<*>","['acquire', 'lock=237091223,', 'flags=0x1,', 'tag=""WiredAccessoryManager"",', 'name=android,', 'ws=null,', 'uid=1000,', 'pid=1702']"
52,Andriod,E10,"acquire lock=<*>, flags=<*>, tag=""<*>"", name=<*>, ws=<*>, uid=<*>, pid=<*>","['acquire', 'lock=86152250,', 'flags=0x1,', 'tag=""handleAudioEvent"",', 'name=android,', 'ws=null,', 'uid=1000,', 'pid=1702']"
53,Andriod,E108,"release:lock=<*>, flg=<*>, tag=""<*>"", name=<*>, ws=<*>, uid=<*>, pid=<*>","['release:lock=237091223,', 'flg=0x0,', 'tag=""WiredAccessoryManager"",', 'name=android"",', 'ws=null,', 'uid=1000,', 'pid=1702']"
54,Andriod,E10,"acquire lock=<*>, flags=<*>, tag=""<*>"", name=<*>, ws=<*>, uid=<*>, pid=<*>","['acquire', 'lock=219829192,', 'flags=0x1,', 'tag=""AudioMix"",', 'name=audioserver,', 'ws=null,', 'uid=1041,', 'pid=0']"
55,Andriod,E108,"release:lock=<*>, flg=<*>, tag=""<*>"", name=<*>, ws=<*>, uid=<*>, pid=<*>","['release:lock=86152250,', 'flg=0x0,', 'tag=""handleAudioEvent"",', 'name=android"",', 'ws=null,', 'uid=1000,', 'pid=1702']"
56,Andriod,E108,"release:lock=<*>, flg=<*>, tag=""<*>"", name=<*>, ws=<*>, uid=<*>, pid=<*>","['release:lock=219829192,', 'flg=0x0,', 'tag=""AudioMix"",', 'name=audioserver"",', 'ws=null,', 'uid=1041,', 'pid=0']"
57,Andriod,E41,Destroying surface Surface(name=<*>) called by <*>,"['Destroying', 'surface', 'Surface(name=PopupWindow:9b04807)', 'called', 'by', 'com.android.server.wm.WindowStateAnimator.destroySurface:2060', 'com.android.server.wm.WindowStateAnimator.destroySurfaceLocked:913', 'com.android.server.wm.WindowState.removeLocked:1554', 'com.android.server.wm.WindowManagerService.removeWindowInnerLocked:2739', 'com.android.server.wm.WindowManagerService.removeWindowInnerLocked:2702', 'com.android.server.wm.WindowManagerService.removeWindowLocked:2691', 'com.android.server.wm.WindowManagerService.removeWindowLocked:2560', 'com.android.server.wm.WindowManagerService.removeWindow:2555']"
58,Andriod,E41,Destroying surface Surface(name=<*>) called by <*>,"['Destroying', 'surface', 'Surface(name=PopupWindow:317e46)', 'called', 'by', 'com.android.server.wm.WindowStateAnimator.destroySurface:2060', 'com.android.server.wm.WindowStateAnimator.destroySurfaceLocked:913', 'com.android.server.wm.WindowState.removeLocked:1554', 'com.android.server.wm.WindowManagerService.removeWindowInnerLocked:2739', 'com.android.server.wm.WindowManagerService.removeWindowInnerLocked:2702', 'com.android.server.wm.WindowManagerService.removeWindowLocked:2691', 'com.android.server.wm.WindowManagerService.removeWindowLocked:2560', 'com.android.server.wm.WindowManagerService.removeWindow:2555']"
59,Andriod,E41,Destroying surface Surface(name=<*>) called by <*>,"['Destroying', 'surface', 'Surface(name=PopupWindow:d76a91d)', 'called', 'by', 'com.android.server.wm.WindowStateAnimator.destroySurface:2060', 'com.android.server.wm.WindowStateAnimator.destroySurfaceLocked:913', 'com.android.server.wm.WindowState.removeLocked:1554', 'com.android.server.wm.WindowManagerService.removeWindowInnerLocked:2739', 'com.android.server.wm.WindowManagerService.removeWindowInnerLocked:2702', 'com.android.server.wm.WindowManagerService.removeWindowLocked:2691', 'com.android.server.wm.WindowManagerService.removeWindowLocked:2560', 'com.android.server.wm.WindowManagerService.removeWindow:2555']"
60,Andriod,E41,Destroying surface Surface(name=<*>) called by <*>,"['Destroying', 'surface', 'Surface(name=PopupWindow:9b04807)', 'called', 'by', 'com.android.server.wm.WindowStateAnimator.destroySurface:2060', 'com.android.server.wm.WindowStateAnimator.destroySurfaceLocked:913', 'com.android.server.wm.WindowState.removeLocked:1554', 'com.android.server.wm.WindowManagerService.removeWindowInnerLocked:2739', 'com.android.server.wm.WindowManagerService.removeWindowInnerLocked:2702', 'com.android.server.wm.WindowManagerService.removeWindowLocked:2691', 'com.android.server.wm.WindowManagerService.removeWindowLocked:2560', 'com.android.server.wm.WindowManagerService.removeWindow:2555']"
61,Andriod,E10,"acquire lock=<*>, flags=<*>, tag=""<*>"", name=<*>, ws=<*>, uid=<*>, pid=<*>","['acquire', 'lock=60373518,', 'flags=0x1,', 'tag=""RILJ_ACK_WL"",', 'name=com.android.phone,', 'ws=null,', 'uid=1001,', 'pid=2626']"
62,Andriod,E108,"release:lock=<*>, flg=<*>, tag=""<*>"", name=<*>, ws=<*>, uid=<*>, pid=<*>","['release:lock=60373518,', 'flg=0x0,', 'tag=""RILJ_ACK_WL"",', 'name=com.android.phone"",', 'ws=null,', 'uid=1001,', 'pid=2626']"
63,Andriod,E41,Destroying surface Surface(name=<*>) called by <*>,"['Destroying', 'surface', 'Surface(name=PopupWindow:d76a91d)', 'called', 'by', 'com.android.server.wm.WindowStateAnimator.destroySurface:2060', 'com.android.server.wm.WindowStateAnimator.destroySurfaceLocked:913', 'com.android.server.wm.WindowState.removeLocked:1554', 'com.android.server.wm.WindowManagerService.removeWindowInnerLocked:2739', 'com.android.server.wm.WindowManagerService.removeWindowInnerLocked:2702', 'com.android.server.wm.WindowManagerService.removeWindowLocked:2691', 'com.android.server.wm.WindowManagerService.removeWindowLocked:2560', 'com.android.server.wm.WindowManagerService.removeWindow:2555']"
64,Andriod,E41,Destroying surface Surface(name=<*>) called by <*>,"['Destroying', 'surface', 'Surface(name=PopupWindow:9b04807)', 'called', 'by', 'com.android.server.wm.WindowStateAnimator.destroySurface:2060', 'com.android.server.wm.WindowStateAnimator.destroySurfaceLocked:913', 'com.android.server.wm.WindowState.removeLocked:1554', 'com.android.server.wm.WindowManagerService.removeWindowInnerLocked:2739', 'com.android.server.wm.WindowManagerService.removeWindowInnerLocked:2702', 'com.android.server.wm.WindowManagerService.removeWindowLocked:2691', 'com.android.server.wm.WindowManagerService.removeWindowLocked:2560', 'com.android.server.wm.WindowManagerService.removeWindow:2555']"
65,Andriod,E41,Destroying surface Surface(name=<*>) called by <*>,"['Destroying', 'surface', 'Surface(name=PopupWindow:9b04807)', 'called', 'by', 'com.android.server.wm.WindowStateAnimator.destroySurface:2060', 'com.android.server.wm.WindowStateAnimator.destroySurfaceLocked:913', 'com.android.server.wm.WindowState.removeLocked:1554', 'com.android.server.wm.WindowManagerService.removeWindowInnerLocked:2739', 'com.android.server.wm.WindowManagerService.removeWindowInnerLocked:2702', 'com.android.server.wm.WindowManagerService.removeWindowLocked:2691', 'com.android.server.wm.WindowManagerService.removeWindowLocked:2560', 'com.android.server.wm.WindowManagerService.removeWindow:2555']"
66,Andriod,E41,Destroying surface Surface(name=<*>) called by <*>,"['Destroying', 'surface', 'Surface(name=PopupWindow:317e46)', 'called', 'by', 'com.android.server.wm.WindowStateAnimator.destroySurface:2060', 'com.android.server.wm.WindowStateAnimator.destroySurfaceLocked:913', 'com.android.server.wm.WindowState.removeLocked:1554', 'com.android.server.wm.WindowManagerService.removeWindowInnerLocked:2739', 'com.android.server.wm.WindowManagerService.removeWindowInnerLocked:2702', 'com.android.server.wm.WindowManagerService.removeWindowLocked:2691', 'com.android.server.wm.WindowManagerService.removeWindowLocked:2560', 'com.android.server.wm.WindowManagerService.removeWindow:2555']"
67,Andriod,E10,"acquire lock=<*>, flags=<*>, tag=""<*>"", name=<*>, ws=<*>, uid=<*>, pid=<*>","['acquire', 'lock=134680583,', 'flags=0x1,', 'tag=""RILJ_ACK_WL"",', 'name=com.android.phone,', 'ws=null,', 'uid=1001,', 'pid=2626']"
68,Andriod,E108,"release:lock=<*>, flg=<*>, tag=""<*>"", name=<*>, ws=<*>, uid=<*>, pid=<*>","['release:lock=134680583,', 'flg=0x0,', 'tag=""RILJ_ACK_WL"",', 'name=com.android.phone"",', 'ws=null,', 'uid=1001,', 'pid=2626']"
69,Andriod,E10,"acquire lock=<*>, flags=<*>, tag=""<*>"", name=<*>, ws=<*>, uid=<*>, pid=<*>","['acquire', 'lock=134680583,', 'flags=0x1,', 'tag=""RILJ_ACK_WL"",', 'name=com.android.phone,', 'ws=null,', 'uid=1001,', 'pid=2626']"
70,Andriod,E10,"acquire lock=<*>, flags=<*>, tag=""<*>"", name=<*>, ws=<*>, uid=<*>, pid=<*>","['acquire', 'lock=134680583,', 'flags=0x1,', 'tag=""RILJ_ACK_WL"",', 'name=com.android.phone,', 'ws=null,', 'uid=1001,', 'pid=2626']"
71,Andriod,E108,"release:lock=<*>, flg=<*>, tag=""<*>"", name=<*>, ws=<*>, uid=<*>, pid=<*>","['release:lock=134680583,', 'flg=0x0,', 'tag=""RILJ_ACK_WL"",', 'name=com.android.phone"",', 'ws=null,', 'uid=1001,', 'pid=2626']"
72,Andriod,E10,"acquire lock=<*>, flags=<*>, tag=""<*>"", name=<*>, ws=<*>, uid=<*>, pid=<*>","['acquire', 'lock=120758482,', 'flags=0x1,', 'tag=""RILJ_ACK_WL"",', 'name=com.android.phone,', 'ws=null,', 'uid=1001,', 'pid=2626']"
73,Andriod,E108,"release:lock=<*>, flg=<*>, tag=""<*>"", name=<*>, ws=<*>, uid=<*>, pid=<*>","['release:lock=120758482,', 'flg=0x0,', 'tag=""RILJ_ACK_WL"",', 'name=com.android.phone"",', 'ws=null,', 'uid=1001,', 'pid=2626']"
74,Andriod,E10,"acquire lock=<*>, flags=<*>, tag=""<*>"", name=<*>, ws=<*>, uid=<*>, pid=<*>","['acquire', 'lock=120758482,', 'flags=0x1,', 'tag=""RILJ_ACK_WL"",', 'name=com.android.phone,', 'ws=null,', 'uid=1001,', 'pid=2626']"
75,Andriod,E10,"acquire lock=<*>, flags=<*>, tag=""<*>"", name=<*>, ws=<*>, uid=<*>, pid=<*>","['acquire', 'lock=120758482,', 'flags=0x1,', 'tag=""RILJ_ACK_WL"",', 'name=com.android.phone,', 'ws=null,', 'uid=1001,', 'pid=2626']"
76,Andriod,E108,"release:lock=<*>, flg=<*>, tag=""<*>"", name=<*>, ws=<*>, uid=<*>, pid=<*>","['release:lock=120758482,', 'flg=0x0,', 'tag=""RILJ_ACK_WL"",', 'name=com.android.phone"",', 'ws=null,', 'uid=1001,', 'pid=2626']"
77,Andriod,E10,"acquire lock=<*>, flags=<*>, tag=""<*>"", name=<*>, ws=<*>, uid=<*>, pid=<*>","['acquire', 'lock=120758482,', 'flags=0x1,', 'tag=""RILJ_ACK_WL"",', 'name=com.android.phone,', 'ws=null,', 'uid=1001,', 'pid=2626']"
78,Andriod,E10,"acquire lock=<*>, flags=<*>, tag=""<*>"", name=<*>, ws=<*>, uid=<*>, pid=<*>","['acquire', 'lock=120758482,', 'flags=0x1,', 'tag=""RILJ_ACK_WL"",', 'name=com.android.phone,', 'ws=null,', 'uid=1001,', 'pid=2626']"
79,Andriod,E108,"release:lock=<*>, flg=<*>, tag=""<*>"", name=<*>, ws=<*>, uid=<*>, pid=<*>","['release:lock=120758482,', 'flg=0x0,', 'tag=""RILJ_ACK_WL"",', 'name=com.android.phone"",', 'ws=null,', 'uid=1001,', 'pid=2626']"
80,Andriod,E41,Destroying surface Surface(name=<*>) called by <*>,"['Destroying', 'surface', 'Surface(name=PopupWindow:317e46)', 'called', 'by', 'com.android.server.wm.WindowStateAnimator.destroySurface:2060', 'com.android.server.wm.WindowStateAnimator.destroySurfaceLocked:913', 'com.android.server.wm.WindowState.removeLocked:1554', 'com.android.server.wm.WindowManagerService.removeWindowInnerLocked:2739', 'com.android.server.wm.WindowManagerService.removeWindowInnerLocked:2702', 'com.android.server.wm.WindowManagerService.removeWindowLocked:2691', 'com.android.server.wm.WindowManagerService.removeWindowLocked:2560', 'com.android.server.wm.WindowManagerService.removeWindow:2555']"
81,Andriod,E41,Destroying surface Surface(name=<*>) called by <*>,"['Destroying', 'surface', 'Surface(name=InputMethod)', 'called', 'by', 'com.android.server.wm.WindowStateAnimator.destroySurface:2060', 'com.android.server.wm.WindowStateAnimator.destroySurfaceLocked:913', 'com.android.server.wm.WindowState.destroyOrSaveSurface:2201', 'com.android.server.wm.WindowSurfacePlacer.performSurfacePlacementInner:517', 'com.android.server.wm.WindowSurfacePlacer.performSurfacePlacementLoop:291', 'com.android.server.wm.WindowSurfacePlacer.performSurfacePlacement:233', 'com.android.server.wm.WindowManagerService$H.handleMessage:8670', 'android.os.Handler.dispatchMessage:105']"
82,Andriod,E10,"acquire lock=<*>, flags=<*>, tag=""<*>"", name=<*>, ws=<*>, uid=<*>, pid=<*>","['acquire', 'lock=189667585,', 'flags=0x1,', 'tag=""*launch*"",', 'name=android,', 'ws=WorkSource{10057},', 'uid=1000,', 'pid=1702']"
83,Andriod,E108,"release:lock=<*>, flg=<*>, tag=""<*>"", name=<*>, ws=<*>, uid=<*>, pid=<*>","['release:lock=189667585,', 'flg=0x0,', 'tag=""*launch*"",', 'name=android"",', 'ws=WorkSource{10057},', 'uid=1000,', 'pid=1702']"
84,Andriod,E41,Destroying surface Surface(name=<*>) called by <*>,"['Destroying', 'surface', 'Surface(name=com.tencent.mobileqq/com.tencent.mobileqq.activity.SplashActivity)', 'called', 'by', 'com.android.server.wm.WindowStateAnimator.destroySurface:2060', 'com.android.server.wm.WindowStateAnimator.destroySurfaceLocked:913', 'com.android.server.wm.WindowState.destroyOrSaveSurface:2201', 'com.android.server.wm.AppWindowToken.destroySurfaces:374', 'com.android.server.wm.AppWindowToken.notifyAppStopped:400', 'com.android.server.wm.WindowManagerService.notifyAppStopped:4869', 'com.android.server.am.ActivityStack.activityStoppedLocked:1393', 'com.android.server.am.ActivityManagerService.activityStopped:7690']"
85,Andriod,E10,"acquire lock=<*>, flags=<*>, tag=""<*>"", name=<*>, ws=<*>, uid=<*>, pid=<*>","['acquire', 'lock=189667585,', 'flags=0x1,', 'tag=""*launch*"",', 'name=android,', 'ws=WorkSource{10020},', 'uid=1000,', 'pid=1702']"
86,Andriod,E108,"release:lock=<*>, flg=<*>, tag=""<*>"", name=<*>, ws=<*>, uid=<*>, pid=<*>","['release:lock=189667585,', 'flg=0x0,', 'tag=""*launch*"",', 'name=android"",', 'ws=WorkSource{10020},', 'uid=1000,', 'pid=1702']"
87,Andriod,E41,Destroying surface Surface(name=<*>) called by <*>,"['Destroying', 'surface', 'Surface(name=PopupWindow:6ac503e)', 'called', 'by', 'com.android.server.wm.WindowStateAnimator.destroySurface:2060', 'com.android.server.wm.WindowStateAnimator.destroySurfaceLocked:913', 'com.android.server.wm.WindowState.destroyOrSaveSurface:2201', 'com.android.server.wm.AppWindowToken.destroySurfaces:374', 'com.android.server.wm.WindowStateAnimator.finishExit:590', 'com.android.server.wm.WindowStateAnimator.stepAnimationLocked:516', 'com.android.server.wm.WindowAnimator.updateWindowsLocked:311', 'com.android.server.wm.WindowAnimator.animateLocked:738']"
88,Andriod,E41,Destroying surface Surface(name=<*>) called by <*>,"['Destroying', 'surface', 'Surface(name=PopupWindow:317e46)', 'called', 'by', 'com.android.server.wm.WindowStateAnimator.destroySurface:2060', 'com.android.server.wm.WindowStateAnimator.destroySurfaceLocked:913', 'com.android.server.wm.WindowState.removeLocked:1554', 'com.android.server.wm.WindowManagerService.removeWindowInnerLocked:2739', 'com.android.server.wm.WindowManagerService.removeWindowInnerLocked:2702', 'com.android.server.wm.WindowManagerService.removeWindowLocked:2691', 'com.android.server.wm.WindowManagerService.removeWindowLocked:2560', 'com.android.server.wm.WindowManagerService.removeWindow:2555']"
89,Andriod,E41,Destroying surface Surface(name=<*>) called by <*>,"['Destroying', 'surface', 'Surface(name=InputMethod)', 'called', 'by', 'com.android.server.wm.WindowStateAnimator.destroySurface:2060', 'com.android.server.wm.WindowStateAnimator.destroySurfaceLocked:913', 'com.android.server.wm.WindowState.destroyOrSaveSurface:2201', 'com.android.server.wm.WindowSurfacePlacer.performSurfacePlacementInner:517', 'com.android.server.wm.WindowSurfacePlacer.performSurfacePlacementLoop:291', 'com.android.server.wm.WindowSurfacePlacer.performSurfacePlacement:233', 'com.android.server.wm.WindowManagerService$H.handleMessage:8670', 'android.os.Handler.dispatchMessage:105']"
90,Andriod,E10,"acquire lock=<*>, flags=<*>, tag=""<*>"", name=<*>, ws=<*>, uid=<*>, pid=<*>","['acquire', 'lock=189667585,', 'flags=0x1,', 'tag=""*launch*"",', 'name=android,', 'ws=WorkSource{10057},', 'uid=1000,', 'pid=1702']"
91,Andriod,E108,"release:lock=<*>, flg=<*>, tag=""<*>"", name=<*>, ws=<*>, uid=<*>, pid=<*>","['release:lock=189667585,', 'flg=0x0,', 'tag=""*launch*"",', 'name=android"",', 'ws=WorkSource{10057},', 'uid=1000,', 'pid=1702']"
92,Andriod,E41,Destroying surface Surface(name=<*>) called by <*>,"['Destroying', 'surface', 'Surface(name=com.example.android.notepad/com.example.android.notepad.NoteEditor)', 'called', 'by', 'com.android.server.wm.WindowStateAnimator.destroySurface:2060', 'com.android.server.wm.WindowStateAnimator.destroySurfaceLocked:913', 'com.android.server.wm.WindowState.destroyOrSaveSurface:2201', 'com.android.server.wm.AppWindowToken.destroySurfaces:374', 'com.android.server.wm.AppWindowToken.notifyAppStopped:400', 'com.android.server.wm.WindowManagerService.notifyAppStopped:4869', 'com.android.server.am.ActivityStack.activityStoppedLocked:1393', 'com.android.server.am.ActivityManagerService.activityStopped:7690']"
93,Andriod,E41,Destroying surface Surface(name=<*>) called by <*>,"['Destroying', 'surface', 'Surface(name=com.example.android.notepad/com.example.android.notepad.NoteEditor)', 'called', 'by', 'com.android.server.wm.WindowStateAnimator.destroySurface:2060', 'com.android.server.wm.WindowStateAnimator.destroySurfaceLocked:913', 'com.android.server.wm.WindowState.destroyOrSaveSurface:2201', 'com.android.server.wm.AppWindowToken.destroySurfaces:374', 'com.android.server.wm.AppWindowToken.notifyAppStopped:400', 'com.android.server.wm.WindowManagerService.notifyAppStopped:4869', 'com.android.server.am.ActivityStack.activityStoppedLocked:1393', 'com.android.server.am.ActivityManagerService.activityStopped:7690']"
94,Andriod,E10,"acquire lock=<*>, flags=<*>, tag=""<*>"", name=<*>, ws=<*>, uid=<*>, pid=<*>","['acquire', 'lock=189667585,', 'flags=0x1,', 'tag=""*launch*"",', 'name=android,', 'ws=WorkSource{10111},', 'uid=1000,', 'pid=1702']"
95,Andriod,E108,"release:lock=<*>, flg=<*>, tag=""<*>"", name=<*>, ws=<*>, uid=<*>, pid=<*>","['release:lock=189667585,', 'flg=0x0,', 'tag=""*launch*"",', 'name=android"",', 'ws=WorkSource{10111},', 'uid=1000,', 'pid=1702']"
96,Andriod,E41,Destroying surface Surface(name=<*>) called by <*>,"['Destroying', 'surface', 'Surface(name=PopupWindow:9b04807)', 'called', 'by', 'com.android.server.wm.WindowStateAnimator.destroySurface:2060', 'com.android.server.wm.WindowStateAnimator.destroySurfaceLocked:913', 'com.android.server.wm.WindowState.removeLocked:1554', 'com.android.server.wm.WindowManagerService.removeWindowInnerLocked:2739', 'com.android.server.wm.WindowManagerService.removeWindowInnerLocked:2702', 'com.android.server.wm.WindowManagerService.removeWindowLocked:2691', 'com.android.server.wm.WindowManagerService.removeWindowLocked:2560', 'com.android.server.wm.WindowManagerService.removeWindow:2555']"
97,Andriod,E41,Destroying surface Surface(name=<*>) called by <*>,"['Destroying', 'surface', 'Surface(name=PopupWindow:317e46)', 'called', 'by', 'com.android.server.wm.WindowStateAnimator.destroySurface:2060', 'com.android.server.wm.WindowStateAnimator.destroySurfaceLocked:913', 'com.android.server.wm.WindowState.removeLocked:1554', 'com.android.server.wm.WindowManagerService.removeWindowInnerLocked:2739', 'com.android.server.wm.WindowManagerService.removeWindowInnerLocked:2702', 'com.android.server.wm.WindowManagerService.removeWindowLocked:2691', 'com.android.server.wm.WindowManagerService.removeWindowLocked:2560', 'com.android.server.wm.WindowManagerService.removeWindow:2555']"
98,Andriod,E10,"acquire lock=<*>, flags=<*>, tag=""<*>"", name=<*>, ws=<*>, uid=<*>, pid=<*>","['acquire', 'lock=191063310,', 'flags=0x1,', 'tag=""AudioMix"",', 'name=audioserver,', 'ws=null,', 'uid=1041,', 'pid=0']"
99,Andriod,E10,"acquire lock=<*>, flags=<*>, tag=""<*>"", name=<*>, ws=<*>, uid=<*>, pid=<*>","['acquire', 'lock=149977903,', 'flags=0x1,', 'tag=""AudioMix"",', 'name=audioserver,', 'ws=null,', 'uid=1041,', 'pid=0']"
100,Andriod,E10,"acquire lock=<*>, flags=<*>, tag=""<*>"", name=<*>, ws=<*>, uid=<*>, pid=<*>","['acquire', 'lock=155645244,', 'flags=0x1,', 'tag=""AudioMix"",', 'name=audioserver,', 'ws=null,', 'uid=1041,', 'pid=0']"
101,Andriod,E10,"acquire lock=<*>, flags=<*>, tag=""<*>"", name=<*>, ws=<*>, uid=<*>, pid=<*>","['acquire', 'lock=173466309,', 'flags=0x1,', 'tag=""AudioMix"",', 'name=audioserver,', 'ws=null,', 'uid=1041,', 'pid=0']"
102,Andriod,E41,Destroying surface Surface(name=<*>) called by <*>,"['Destroying', 'surface', 'Surface(name=PopupWindow:317e46)', 'called', 'by', 'com.android.server.wm.WindowStateAnimator.destroySurface:2060', 'com.android.server.wm.WindowStateAnimator.destroySurfaceLocked:913', 'com.android.server.wm.WindowState.removeLocked:1554', 'com.android.server.wm.WindowManagerService.removeWindowInnerLocked:2739', 'com.android.server.wm.WindowManagerService.removeWindowInnerLocked:2702', 'com.android.server.wm.WindowManagerService.removeWindowLocked:2691', 'com.android.server.wm.WindowManagerService.removeWindowLocked:2560', 'com.android.server.wm.WindowManagerService.removeWindow:2555']"
103,Andriod,E41,Destroying surface Surface(name=<*>) called by <*>,"['Destroying', 'surface', 'Surface(name=InputMethod)', 'called', 'by', 'com.android.server.wm.WindowStateAnimator.destroySurface:2060', 'com.android.server.wm.WindowStateAnimator.destroySurfaceLocked:913', 'com.android.server.wm.WindowState.destroyOrSaveSurface:2201', 'com.android.server.wm.WindowSurfacePlacer.performSurfacePlacementInner:517', 'com.android.server.wm.WindowSurfacePlacer.performSurfacePlacementLoop:291', 'com.android.server.wm.WindowSurfacePlacer.performSurfacePlacement:233', 'com.android.server.wm.WindowManagerService$H.handleMessage:8670', 'android.os.Handler.dispatchMessage:105']"
104,Andriod,E108,"release:lock=<*>, flg=<*>, tag=""<*>"", name=<*>, ws=<*>, uid=<*>, pid=<*>","['release:lock=149977903,', 'flg=0x0,', 'tag=""AudioMix"",', 'name=audioserver"",', 'ws=null,', 'uid=1041,', 'pid=0']"
105,Andriod,E108,"release:lock=<*>, flg=<*>, tag=""<*>"", name=<*>, ws=<*>, uid=<*>, pid=<*>","['release:lock=155645244,', 'flg=0x0,', 'tag=""AudioMix"",', 'name=audioserver"",', 'ws=null,', 'uid=1041,', 'pid=0']"
106,Andriod,E108,"release:lock=<*>, flg=<*>, tag=""<*>"", name=<*>, ws=<*>, uid=<*>, pid=<*>","['release:lock=191063310,', 'flg=0x0,', 'tag=""AudioMix"",', 'name=audioserver"",', 'ws=null,', 'uid=1041,', 'pid=0']"
107,Andriod,E108,"release:lock=<*>, flg=<*>, tag=""<*>"", name=<*>, ws=<*>, uid=<*>, pid=<*>","['release:lock=173466309,', 'flg=0x0,', 'tag=""AudioMix"",', 'name=audioserver"",', 'ws=null,', 'uid=1041,', 'pid=0']"
108,Andriod,E10,"acquire lock=<*>, flags=<*>, tag=""<*>"", name=<*>, ws=<*>, uid=<*>, pid=<*>","['acquire', 'lock=189667585,', 'flags=0x1,', 'tag=""*launch*"",', 'name=android,', 'ws=WorkSource{10057},', 'uid=1000,', 'pid=1702']"
109,Andriod,E108,"release:lock=<*>, flg=<*>, tag=""<*>"", name=<*>, ws=<*>, uid=<*>, pid=<*>","['release:lock=189667585,', 'flg=0x0,', 'tag=""*launch*"",', 'name=android"",', 'ws=WorkSource{10057},', 'uid=1000,', 'pid=1702']"
110,Andriod,E41,Destroying surface Surface(name=<*>) called by <*>,"['Destroying', 'surface', 'Surface(name=com.tencent.mobileqq/com.tencent.mobileqq.activity.SplashActivity)', 'called', 'by', 'com.android.server.wm.WindowStateAnimator.destroySurface:2060', 'com.android.server.wm.WindowStateAnimator.destroySurfaceLocked:913', 'com.android.server.wm.WindowState.destroyOrSaveSurface:2201', 'com.android.server.wm.AppWindowToken.destroySurfaces:374', 'com.android.server.wm.AppWindowToken.notifyAppStopped:400', 'com.android.server.wm.WindowManagerService.notifyAppStopped:4869', 'com.android.server.am.ActivityStack.activityStoppedLocked:1393', 'com.android.server.am.ActivityManagerService.activityStopped:7690']"
111,Andriod,E10,"acquire lock=<*>, flags=<*>, tag=""<*>"", name=<*>, ws=<*>, uid=<*>, pid=<*>","['acquire', 'lock=189667585,', 'flags=0x1,', 'tag=""*launch*"",', 'name=android,', 'ws=WorkSource{10112},', 'uid=1000,', 'pid=1702']"
112,Mac,E265,network changed: <*>(<*>) DNS- Proxy-,"['network', 'changed:', 'v4(en0-:10.105.162.105)', 'v6(en0-:2607:f140:6000:8:c6b3:1ff:fecd:467f)', 'DNS-', 'Proxy-']"
113,Mac,E210,en0: Supported channels <*>,"['en0:', 'Supported', 'channels', '1', '2', '3', '4', '5', '6', '7', '8', '9', '10', '11', '12', '13', '36', '40', '44', '48', '52', '56', '60', '64', '100', '104', '108', '112', '116', '120', '124', '128', '132', '136', '140', '144', '149', '153', '157', '161', '165']"
114,Mac,E210,en0: Supported channels <*>,"['en0:', 'Supported', 'channels', '1', '2', '3', '4', '5', '6', '7', '8', '9', '10', '11', '12', '13', '36', '40', '44', '48', '52', '56', '60', '64', '100', '104', '108', '112', '116', '120', '124', '128', '132', '136', '140', '144', '149', '153', '157', '161']"
115,Mac,E265,network changed: <*>(<*>) DNS- Proxy-,"['network', 'changed:', 'v6(en0-:2607:f140:6000:8:c6b3:1ff:fecd:467f)', 'DNS-', 'Proxy-']"
116,Mac,E210,en0: Supported channels <*>,"['en0:', 'Supported', 'channels', '1', '2', '3', '4', '5', '6', '7', '8', '9', '10', '11', '12', '13', '36', '40', '44', '48', '52', '56', '60', '64', '100', '104', '108', '112', '116', '120', '124', '128', '132', '136', '140', '144', '149', '153', '157', '161', '165']"
